log_E_eV,dNdE_per_cm2_s_sr_eV
9.0,2.266066e-05
9.5,1.012214e-06
10.0,4.521396e-08
10.5,2.019633e-09
11.0,9.021370e-11
11.5,4.029698e-12
12.0,1.800000e-13
12.5,8.040305e-15
13.0,3.591472e-16
13.5,1.604252e-17
14.0,7.165929e-19
14.5,3.200903e-20
15.0,1.429791e-21
15.5,6.253469e-23
16.0,1.762467e-24
16.5,4.967307e-26
17.0,1.399977e-27
17.5,3.945672e-29
18.0,1.112042e-30
18.5,3.134159e-32
19.0,1.165556e-33
19.5,5.206346e-35
20.0,2.325589e-36
20.5,1.038803e-37
21.0,4.640161e-39
